,gRNA,target,ssDNA_k,dsDNA_k
0,cctgctggtggctccagttc,gagtcaggggtctgtattttcctgctggtggctccagttcaggaacagtaaaccctgctc,10.027505576161577,1.3410154638243077
1,ctgctggtggctccagttca,agtcaggggtctgtattttcctgctggtggctccagttcaggaacagtaaaccctgctcc,11.137106308136747,1.9131695808825708
2,ctgttcctgaactggagcca,aatattcggagcagggtttactgttcctgaactggagccaccagcaggaaaatacagacc,11.302961049041254,2.1904089791112624
3,tcttgttgacaagaatcctc,cgtgttacaggcggggtttttcttgttgacaagaatcctcacaataccgcagagtctaga,6.653683610808242,0.5679648120627061
4,cttgttgacaagaatcctca,gtgttacaggcggggtttttcttgttgacaagaatcctcacaataccgcagagtctagac,8.659327381944117,1.6368642005545535
5,ttgttgacaagaatcctcac,tgttacaggcggggtttttcttgttgacaagaatcctcacaataccgcagagtctagact,11.167627271145163,0.9009530709765261
6,ctagggggatcacccgtgtg,ggtggacttctctcaattttctagggggatcacccgtgtgtcttggccaaaattcgcagt,10.163495775426906,2.613577331834305
7,tagggggatcacccgtgtgt,gtggacttctctcaattttctagggggatcacccgtgtgtcttggccaaaattcgcagtc,16.031819719948174,1.8793386851467047
8,gccaagacacacgggtgatc,gttggggactgcgaattttggccaagacacacgggtgatccccctagaaaattgagagaa,11.793161028608136,1.6406668261308521
9,ggccaagacacacgggtgat,ggttggggactgcgaattttggccaagacacacgggtgatccccctagaaaattgagaga,7.4720139865498725,1.0143472724397002
10,tcctggttatcgctggatgt,acctcctgtcctccaatttgtcctggttatcgctggatgtgtctgcggcgttttatcata,18.41552279735521,1.204531311564409
11,atcatattcctcttcatcct,ggatgtgtctgcggcgttttatcatattcctcttcatcctgctgctatgcctcatcttct,10.925583612417915,0.8447138491662153
12,tcatattcctcttcatcctg,gatgtgtctgcggcgttttatcatattcctcttcatcctgctgctatgcctcatcttctt,27.890072507978243,2.4806950313153866
13,tcctctaattccaggatcaa,caaggtatgttgcccgtttgtcctctaattccaggatcaacaacaaccagtacgggacca,16.295024579118603,1.6358096856911815
14,catggtcccgtactggttgt,caggagtcgtgcaggttttgcatggtcccgtactggttgttgttgatcctggaattagag,18.465797620563116,1.8750213707082715
15,gcatggtcccgtactggttg,gcaggagtcgtgcaggttttgcatggtcccgtactggttgttgttgatcctggaattaga,27.880293209887796,1.5453996078770729
16,tacagcaacatgagggaaac,atttccatccgtaggttttgtacagcaacatgagggaaacatagagttgccttgagcagg,14.906325357084684,1.039088474001773
17,gtacagcaacatgagggaaa,aatttccatccgtaggttttgtacagcaacatgagggaaacatagagttgccttgagcag,29.614647013514933,1.670930399397367
18,cctcatgttgctgtacaaaa,tcaaggcaactctatgtttccctcatgttgctgtacaaaacctacggatggaaattgcac,0.0,1.8791450903598288
19,catccgtaggttttgtacag,gggaatacaggtgcaatttccatccgtaggttttgtacagcaacatgagggaaacataga,20.694318327349325,1.7557549106992472
20,cgaaagcccaggacgatggg,ccactcccataggtattttgcgaaagcccaggacgatgggatgggaatacaggtgcaatt,15.216482598711815,1.386769698677381
21,gcgaaagcccaggacgatgg,cccactcccataggtattttgcgaaagcccaggacgatgggatgggaatacaggtgcaat,12.400324501676389,0.7997075220552778
22,gcaaaatacctatgggagtg,tcccatcgtcctgggctttcgcaaaatacctatgggagtgggcctcagtccgtttctctt,16.34550649629066,0.9862653511759238
23,tcttggctcagtttactagt,agtgggcctcagtccgtttctcttggctcagtttactagtgccatttgttcagtggttcg,18.52163311714252,0.7884225717771367
24,ctagtgccatttgttcagtg,gtttctcttggctcagtttactagtgccatttgttcagtggttcgtagggctttccccca,22.02723461735549,1.822671836744958
25,ttcagtggttcgtagggctt,cagtttactagtgccatttgttcagtggttcgtagggctttcccccactgtttggctttc,43.82637093218721,1.2616501535647648
26,ccccactgtttggctttcag,cagtggttcgtagggctttcccccactgtttggctttcagctatatggatgatgtggtat,12.499402897934246,1.1309481461164164
27,gctttcagctatatggatga,gggctttcccccactgtttggctttcagctatatggatgatgtggtattgggggccaagt,28.09691795197586,2.665093298460619
28,agctatatggatgatgtggt,tcccccactgtttggctttcagctatatggatgatgtggtattgggggccaagtctgtac,16.95281778912384,1.17201568152601
29,taccgctgttaccaattttc,cagcatcgtgagtccctttataccgctgttaccaattttcttttgtctctgggtatacat,21.465311392576677,0.16669525247811662
30,cttttgtctctgggtataca,ataccgctgttaccaattttcttttgtctctgggtatacatttaaaccctaacaaaacaa,14.686900700449856,0.7413043517106521
31,ttttgtctctgggtatacat,taccgctgttaccaattttcttttgtctctgggtatacatttaaaccctaacaaaacaaa,17.42321757602108,1.111150671748698
32,aatgtatacccagagacaaa,accgctgttaccaattttcttttgtctctgggtatacatttaaaccctaacaaaacaaaa,0.0,1.6250503513768555
33,gtctctgggtatacatttaa,gctgttaccaattttcttttgtctctgggtatacatttaaaccctaacaaaacaaaaaga,0.0,1.9866969092755025
34,tctctgggtatacatttaaa,ctgttaccaattttcttttgtctctgggtatacatttaaaccctaacaaaacaaaaagat,12.987417502182748,1.4569534240819932
35,ttagggtttaaatgtatacc,aaccccatctttttgttttgttagggtttaaatgtatacccagagacaaaagaaaattgg,0.0,1.3369414923714449
36,gttagggtttaaatgtatac,taaccccatctttttgttttgttagggtttaaatgtatacccagagacaaaagaaaattg,22.4106015906849,1.8621909850520006
37,ttttgttagggtttaaatgt,ggaataaccccatctttttgttttgttagggtttaaatgtatacccagagacaaaagaaa,19.745745802194403,1.802602928076869
38,gttttgttagggtttaaatg,gggaataaccccatctttttgttttgttagggtttaaatgtatacccagagacaaaagaa,17.684965827907632,1.471925029476722
39,tgttttgttagggtttaaat,agggaataaccccatctttttgttttgttagggtttaaatgtatacccagagacaaaaga,18.387418296988287,1.6698822729989646
40,aaccctaacaaaacaaaaag,tgtctctgggtatacatttaaaccctaacaaaacaaaaagatggggttattccctaaact,17.716751580510696,2.1842436216796113
41,gggaataaccccatcttttt,tatgtaacccatgaagtttagggaataaccccatctttttgttttgttagggtttaaatg,11.1263129403955,0.8335827788714911
42,tacaatatgatcctgtggca,aaacagtgtttgatcttttgtacaatatgatcctgtggcaatgttccccaacttccaatt,17.86487569238494,1.7388437649144701
43,gtacaatatgatcctgtggc,aaaacagtgtttgatcttttgtacaatatgatcctgtggcaatgttccccaacttccaat,16.901551640164058,1.71875158181359
44,atcttttgtacaatatgatc,gttttctaaaacagtgtttgatcttttgtacaatatgatcctgtggcaatgttccccaac,28.586080614283343,1.8204013189001556
45,taaaacagtgtttgatcttt,cctgttaacaggaagttttctaaaacagtgtttgatcttttgtacaatatgatcctgtgg,17.761715402618243,1.134796869636368
46,ctaaaacagtgtttgatctt,gcctgttaacaggaagttttctaaaacagtgtttgatcttttgtacaatatgatcctgtg,12.631741245907701,1.1768924917625205
47,agaaaacttcctgttaacag,aaaagatcaaacactgttttagaaaacttcctgttaacaggcctattgattggaaagtat,19.392527107050732,3.4245249832354014
48,gaaaacttcctgttaacagg,aaagatcaaacactgttttagaaaacttcctgttaacaggcctattgattggaaagtatg,17.683722516923865,1.1998319371187889
49,caatcaataggcctgttaac,caattctttgacatactttccaatcaataggcctgttaacaggaagttttctaaaacagt,4.655836769069786,1.203396050823902
50,acatactttccaatcaatag,aaaagacccacaattctttgacatactttccaatcaataggcctgttaacaggaagtttt,26.35736663177599,1.8586724191808823
51,gggctttgctgctccattta,caaagaattgtgggtcttttgggctttgctgctccatttacacaatgtggatatcctgcc,12.171240876873291,1.7531308005351285
52,ggctttgctgctccatttac,aaagaattgtgggtcttttgggctttgctgctccatttacacaatgtggatatcctgcct,18.315090906808713,1.7276694681585376
53,ctgctccatttacacaatgt,tgtgggtcttttgggctttgctgctccatttacacaatgtggatatcctgccttaatgcc,20.552901792102965,1.0972872629934072
54,cacaatgtggatatcctgcc,tgctgctccatttacacaatgtggatatcctgccttaatgcctttgtatgcatgtataca,19.206067294554664,1.3746612376724014
55,gcttgtatacatgcatacaa,agaaagtgaaagcctgtttagcttgtatacatgcatacaaaggcattaaggcaggatatc,13.121990814972147,1.1831361150765822
56,tatgcatgtatacaagctaa,atcctgccttaatgcctttgtatgcatgtatacaagctaaacaggctttcactttctcgc,14.614129265994228,1.9900245228709021
57,actttctcgccaacttacaa,tacaagctaaacaggctttcactttctcgccaacttacaaggcctttctaagtaaacagt,13.39936485356618,0.8423550855823578
58,tcgccaacttacaaggcctt,ctaaacaggctttcactttctcgccaacttacaaggcctttctaagtaaacagtacatga,9.155513598676462,0.8253386718127618
59,cttagaaaggccttgtaagt,aaaggttcatgtactgtttacttagaaaggccttgtaagttggcgagaaagtgaaagcct,18.233810308673917,1.9477947992296423
60,taagtaaacagtacatgaac,gccaacttacaaggcctttctaagtaaacagtacatgaacctttaccccgttgctcggca,22.834512563570534,1.6898604292484314
61,ccccgttgctcggcaacggc,aaacagtacatgaacctttaccccgttgctcggcaacggcctggtctgtgccaagtgttt,1.8453753408381057,0.0
62,ctgacgcaacccccactggc,tggtctgtgccaagtgtttgctgacgcaacccccactggctggggcttggccataggcca,13.53383183052684,1.3789528478962745
63,tggctcctctgccgatccat,gcgcatgcgtggaacctttgtggctcctctgccgatccatactgcggaactcctagccgc,6.202825511119693,0.37097655810011543
64,ctccagaccggctgcgagca,gtcagttccgatgagctttgctccagaccggctgcgagcaaaacaagcggctaggagttc,8.558686842419537,0.999896653836436
65,gctcgcagccggtctggagc,aactcctagccgcttgttttgctcgcagccggtctggagcaaagctcatcggaactgaca,10.146205627759327,0.8607991249432254
66,ctcgcagccggtctggagca,actcctagccgcttgttttgctcgcagccggtctggagcaaagctcatcggaactgacaa,15.94491349979214,1.313734676698175
67,cgcgagaggacgacagaatt,atggaaacgatgtatatttccgcgagaggacgacagaattgtcagttccgatgagctttg,17.55219526591824,1.0602182815059615
68,catggctgctaggctgtact,gcggaaatatacatcgtttccatggctgctaggctgtactgccaactggatccttcgcgg,20.88518953161506,2.567895844744527
69,tttacgtcccgtcggcgctg,ccttcgcgggacgtcctttgtttacgtcccgtcggcgctgaatcccgcggacgacccctc,13.081962716448363,1.1258116189419063
70,cgtcccgtcggcgctgaatc,cgcgggacgtcctttgtttacgtcccgtcggcgctgaatcccgcggacgacccctctcgg,11.045393483099275,2.305334287207619
71,cgcggtctccccgtctgtgc,acggggcgcacctctctttacgcggtctccccgtctgtgccttctcatctgccggtccgt,18.694447497237455,1.8574277185151293
72,aagtaggcctcaaggtcggt,ccttaaacacacagtctttgaagtaggcctcaaggtcggtcgttgacattgctgggagtc,17.988724462456723,2.5175634655845567
73,aggactgggaggagctgggg,cttcaaagactgtgtgtttaaggactgggaggagctgggggaggagattaggttaaaggt,19.386459621053675,1.6555549617108185
74,acctaatctcctcccccagc,tcctaatacaaagacctttaacctaatctcctcccccagctcctcccagtccttaaacac,19.920420120764078,1.668590214845679
75,tgcctacagcctcctaatac,ctggtgcgcagaccaatttatgcctacagcctcctaatacaaagacctttaacctaatct,24.34798643839514,1.2608496241459353
76,tattaggaggctgtaggcat,gattaggttaaaggtctttgtattaggaggctgtaggcataaattggtctgcgcaccagc,16.20724347870592,1.4260872739937724
77,tcacctctgcctaatcatct,accagcaccatgcaactttttcacctctgcctaatcatctcttgtacatgtcccactgtt,18.52656970060846,0.789826443550897
78,cacctctgcctaatcatctc,ccagcaccatgcaactttttcacctctgcctaatcatctcttgtacatgtcccactgttc,20.901547514614357,1.6475713203560898
79,acctctgcctaatcatctct,cagcaccatgcaactttttcacctctgcctaatcatctcttgtacatgtcccactgttca,24.50233661081861,1.621467466039889
80,gggcatggacattgaccctt,ctgtgccttgggtggctttggggcatggacattgacccttataaagaatttggagctact,9.746650927254553,1.0625962159110962
81,taagggtcaatgtccatgcc,cagtagctccaaattctttataagggtcaatgtccatgccccaaagccacccaaggcaca,11.899604958862923,0.9720292466587819
82,gagctactgtggagttactc,tgacccttataaagaatttggagctactgtggagttactctcgtttttgccttctgactt,1.5434331448575422,0.40233008654394514
83,tgccttctgacttctttcct,tgtggagttactctcgtttttgccttctgacttctttccttccgtcagagatctcctaga,9.355666974047493,0.0
84,gccttctgacttctttcctt,gtggagttactctcgtttttgccttctgacttctttccttccgtcagagatctcctagac,14.138170201179992,0.7431582055431332
85,ccttctgacttctttccttc,tggagttactctcgtttttgccttctgacttctttccttccgtcagagatctcctagaca,13.29285176104708,0.6157664902612605
86,cttccgtcagagatctccta,tttgccttctgacttctttccttccgtcagagatctcctagacaccgcctcagctctgta,11.274749218724605,0.0
87,gaagatccagcatccaggga,cctgggtgggtaataatttggaagatccagcatccagggatctagtagtcaattatgtta,18.066649371516988,2.2059501532743386
88,aacccatgttagtattaaca,caatagttgcctgatctttaaacccatgttagtattaacataattgactactagatccct,13.56462074338213,1.658632937013438
89,aagatcaggcaactattgtg,ttaatactaacatgggtttaaagatcaggcaactattgtggtttcatatatcttgcctta,24.36378070147352,1.3726291422349834
90,atatatcttgccttactttt,caggcaactattgtggtttcatatatcttgccttacttttggaagagagactgtacttga,13.425631201368066,1.5163261923483105
91,ggaagagagactgtacttga,atatatcttgccttacttttggaagagagactgtacttgaatatttggtctctttcggag,15.300422108393896,1.4608033217560856
92,gaagagagactgtacttgaa,tatatcttgccttacttttggaagagagactgtacttgaatatttggtctctttcggagt,18.638438873499535,1.347675534689433
93,gtctctttcggagtgtggat,agactgtacttgaatatttggtctctttcggagtgtggattcgcactcctccagcctata,19.599157243561258,0.851282540056989
94,ggagtgtggattcgcactcc,ttgaatatttggtctctttcggagtgtggattcgcactcctccagcctatagaccaccaa,0.7254065398382199,0.46644271052232006
95,gtggtctataggctggagga,tgataagataggggcatttggtggtctataggctggaggagtgcgaatccacactccgaa,17.947239967993035,2.263049150783453
96,cggaagtgttgataagatag,cgtctaacaacagtagtttccggaagtgttgataagataggggcatttggtggtctatag,26.600385641566756,2.402692213827101
97,ccaccttatgagtccaagga,ataaagcccagtaaagtttcccaccttatgagtccaaggaatactaacattgagattccc,19.01127931175195,1.6279532509078483
98,ctgggctttattcctctaca,tcataaggtgggaaactttactgggctttattcctctacagtacctatctttaatcctga,10.634800989945433,0.9105182249733025
99,ttcctctacagtacctatct,ggaaactttactgggctttattcctctacagtacctatctttaatcctgaatggcaaact,32.84288732033649,2.5850662881765647
100,ccattcaggattaaagatag,ttaggaaaggaaggagtttgccattcaggattaaagataggtactgtagaggaataaagc,19.649302110995244,1.335820699215998
101,atcctgaatggcaaactcct,ctctacagtacctatctttaatcctgaatggcaaactccttcctttcctaagattcattt,8.164620557966089,0.7663717980967357
102,ctaagattcatttacaagag,atggcaaactccttcctttcctaagattcatttacaagaggacattattaataggtgtca,23.370001773992275,1.5701724633874528
103,caagaggacattattaatag,cctttcctaagattcatttacaagaggacattattaataggtgtcaacaatttgtgggcc,22.986393106334596,1.6469216938038551
104,cagtgagagggcccacaaat,caatcttctcttttcatttacagtgagagggcccacaaattgttgacacctattaataat,11.427265383220632,1.7617463795521928
105,tgggccctctcactgtaaat,taataggtgtcaacaatttgtgggccctctcactgtaaatgaaaagagaagattgaaatt,21.20845800599635,1.7689081840187406
106,atttacagtgagagggccca,aatttcaatcttctcttttcatttacagtgagagggcccacaaattgttgacacctatta,15.34861523766757,2.0280136046664152
107,catttacagtgagagggccc,taatttcaatcttctcttttcatttacagtgagagggcccacaaattgttgacacctatt,12.342522470235288,1.1267164290636007
108,aatcttctcttttcatttac,tagcaggcataattaatttcaatcttctcttttcatttacagtgagagggcccacaaatt,15.664490217948817,1.2511312837510258
109,gtgtgggtaggatagaatct,tgtctaagggcaaatatttagtgtgggtaggatagaatctagcaggcataattaatttca,14.21548652789756,0.6398543932528609
110,tctaagggcaaatatttagt,aataaggtttaattcctttgtctaagggcaaatatttagtgtgggtaggatagaatctag,22.216036630146803,1.184394353918973
111,attcctttgtctaagggcaa,gatctggataataaggtttaattcctttgtctaagggcaaatatttagtgtgggtaggat,19.300141267550572,0.825396186738277
112,cccttagacaaaggaattaa,ctacccacactaaatatttgcccttagacaaaggaattaaaccttattatccagatcagg,12.911943092347453,1.1991514715554379
113,gaagtaatgattaactacct,tgtaaataatgtctggtttggaagtaatgattaactacctgatctggataataaggttta,14.049803901751504,1.390585668263361
114,catactctttggaaggctgg,tccaaaccagacattatttacatactctttggaaggctggtattctatataagagggaaa,25.49306312647205,1.7830549975364764
115,gaaggctggtattctatata,cattatttacatactctttggaaggctggtattctatataagagggaaaccacacgtagc,24.87230216630173,1.797528414919873
116,cctcttatatagaataccag,gatgcgctacgtgtggtttccctcttatatagaataccagccttccaaagagtatgtaaa,7.441563666578206,0.5608451150296445
117,gcgggtcaccatattcttgg,cacacgtagcgcatcattttgcgggtcaccatattcttgggaacaagagctacagcatgg,18.00702575604783,0.6913811305036057
118,cgggtcaccatattcttggg,acacgtagcgcatcattttgcgggtcaccatattcttgggaacaagagctacagcatggg,25.78709498613224,0.635816516374584
119,atgaccaacctcccatgctg,catgcctttgcgaggttttgatgaccaacctcccatgctgtagctcttgttcccaagaat,16.384060446770476,0.7573179316017848
120,gatgaccaacctcccatgct,ccatgcctttgcgaggttttgatgaccaacctcccatgctgtagctcttgttcccaagaa,0.0,0.0
121,cgaggttttgatgaccaacc,gattcgtccccatgcctttgcgaggttttgatgaccaacctcccatgctgtagctcttgt,0.0,0.0
122,tgttcccaaccctctgggat,ggcatggggacgaatctttctgttcccaaccctctgggattctttcccgatcatcagttg,0.0,0.0
123,ccgatcatcagttggaccct,caaccctctgggattctttcccgatcatcagttggaccctgcattcggagccaactcaaa,0.0,0.0
124,agttggctccgaatgcaggg,gtcccaatctggattgtttgagttggctccgaatgcagggtccaactgatgatcgggaaa,19.649854273936143,1.318972371735485
125,ggggtggagccctcaggctc,cctccacacggcggtattttggggtggagccctcaggctcagggcatattgaccacagtg,15.820756174903783,0.3270715069308271
126,gggtggagccctcaggctca,ctccacacggcggtattttggggtggagccctcaggctcagggcatattgaccacagtgt,9.016376712802206,0.6208586214725078
